well,value
A1,0.932291541
A2,0.016249698
A3,0.839044424
A4,0.407977249
A5,0.223990658
A6,0.43855814
A7,0.293540383
A8,0.446162382
B1,0.060568919
B2,0.310326928
B3,0.21036608
B4,0.666538591
B5,0.121669214
B6,0.050659759
B7,0.760661339
B8,0.009891852