well,value
A1,0.409246409
A2,0.059225566
A3,0.282941399
A4,0.941264746
A5,0.350792961
A6,0.768112381
A7,0.418185905
A8,0.734792656
B1,0.353177146
B2,0.295883549
B3,0.348489134
B4,0.393875862
B5,0.493237321
B6,0.026960015
B7,0.495557256
B8,0.792393447