well,value
A1,0.223520952
A2,0.572508857
A3,0.086131296
A4,0.449691142
A5,0.884221538
A6,0.278767427
A7,0.123096945
A8,0.361812934
B1,0.748017009
B2,0.637689259
B3,0.881818735
B4,0.585332091
B5,0.642341692
B6,0.065606308
B7,0.581477515
B8,0.696328607